<?xml version='1.0' encoding='utf-8' standalone='yes' ?>
<map>
    <string name="pref_lib_chroma_l3_key">2013</string>
    <string name="pref_lib_highlight_color_teleplus_key">60000</string>
    <string name="pref_double_tap_key">Zoom</string>
    <string name="pref_lib_luma_l2_macro_key">2009</string>
    <string name="pref_lib_brightness_key">60000</string>
    <string name="pref_lib_chroma_teleplus_key">3009</string>
    <string name="pref_lib_curve_key">1</string>
    <string name="pref_dbl_48_key">0</string>
    <string name="pref_lib_chroma_l4_macro_key">2009</string>
    <string name="pref_sunlight_key">1</string>
    <string name="pref_lib_chroma_l4_wide_key">2009</string>
    <string name="pref_lib_contrast_2_macro_key">450</string>
    <string name="pref_switch_to_previous_mode_command_string">-1</string>
    <string name="pref_has_checked_cheetah_mode">0</string>
    <string name="pref_lib_luma_tele_key">3009</string>
    <string name="pref_theme_key">0</string>
    <string name="pref_force_jpeg_key">1</string>
    <string name="pref_lib_exposure_depend_macro_key">60000</string>
    <string name="pref_lib_spatial_macro_key">3009</string>
    <string name="pref_mode_vesper_level">2</string>
    <string name="pref_lib_hdr_lightness_tele_key">60000</string>
    <string name="pref_lib_luma_macro_key">3009</string>
    <string name="pref_lib_hue_shift_macro_key">60000</string>
    <string name="pref_lib_luma_l4_macro_key">2009</string>
    <string name="pref_curve_moreinfo1">0</string>
    <string name="pref_lib_exposure_depend_key">60000</string>
    <string name="pref_camera_hdrplus_option_available_key">1</string>
    <string name="pref_color_filter_arrangement_front_key">-1</string>
    <string name="pref_lib_contrast_1_teleplus_key">60</string>
    <string name="pref_viewfinder_format_key">0</string>
    <string name="pref_manual_filename_key">_Riyan</string>
    <string name="pref_lib_hue_shift_wide_key">60000</string>
    <string name="pref_maxbright_key">0</string>
    <string name="pref_manual_focus_slider_key">1</string>
    <string name="pref_lib_hdr_range_plus_wide_key">60000</string>
    <string name="pref_lib_hdr_range_plus_teleplus_key">60000</string>
    <string name="pref_awb_key">0</string>
    <string name="pref_has_seen_permissions_dialogs">1</string>
    <string name="pref_lib_chroma_l1_tele_key">2009</string>
    <string name="pref_dbl_tele_key">0</string>
    <string name="pref_camera_array_key">0,1,2,3,4,5</string>
    <string name="pref_lib_luma_l2_key">2009</string>
    <string name="pref_lib_gamma_x2_key">330</string>
    <string name="pref_lib_chroma1_l2_macro_key">2009</string>
    <string name="pref_lib_saturation_wide_key">3009</string>
    <string name="pref_show_binning_key">0</string>
    <string name="pref_lib_highlight_color_key">60000</string>
    <string name="pref_camera_selfie_mirror_key">1</string>
    <string name="pref_lib_radius_temporal_teleplus_key">105</string>
    <string name="pref_aux_get_id1_key">0</string>
    <string name="pref_lib_chroma1_l4_tele_key">2009</string>
    <string name="pref_lib_luma_teleplus_key">3009</string>
    <string name="pref_resampling_key">0</string>
    <string name="pref_lib_chroma_l2_teleplus_key">2009</string>
    <string name="pref_lib_chroma1_teleplus_key">3009</string>
    <string name="pref_dbl_back_key">0</string>
    <string name="pref_lib_chroma1_l2_wide_key">2009</string>
    <string name="pref_topbar_focus_far_key">2.2</string>
    <string name="pref_lib_exposure_depend_teleplus_key">60000</string>
    <string name="pref_lib_chroma_macro_key">3009</string>
    <string name="pref_social_app_com_google_android_apps_messaging">0</string>
    <boolean name="autotimer_tutorial_shown" value="true" />
    <string name="pref_lib_curve_pwhites_key">330</string>
    <string name="perf_has_shown_options_bar">1</string>
    <string name="pref_exposure_ns_option_available_key">+7</string>
    <string name="m_focus_key">15</string>
    <string name="pref_color_filter_arrangement_teleplus_key">-1</string>
    <string name="pref_lib_saturation_tele_key">3009</string>
    <string name="pref_lib_method_override_macro_key">60000</string>
    <string name="pref_pseudoct_key">1</string>
    <string name="pref_quality_jpg_option_available_key">100</string>
    <string name="pref_exposure_option_available_key">+4</string>
    <string name="pref_camera_raw_output_option_available_key">1</string>
    <string name="pref_dcip3_option_available_key">0</string>
    <string name="pref_pzoom_key">1</string>
    <string name="pref_lib_chroma_l1_teleplus_key">2009</string>
    <string name="pref_lib_extended_enable_key">1</string>
    <string name="pref_lib_dehaze_wide_key">60000</string>
    <string name="pref_lib_hdr_intensity_wide_key">60000</string>
    <string name="pref_lib_chroma1_l1_key">2013</string>
    <string name="perf_has_run_first_education">1</string>
    <string name="pref_lib_luma_l3_key">2013</string>
    <string name="pref_lib_hue_shift_tele_key">60000</string>
    <string name="pref_lib_luma_l3_wide_key">2009</string>
    <string name="pref_lib_gamma_x1_key">330</string>
    <string name="pref_lib_saturation_key">3021</string>
    <string name="pref_color_filter_arrangement_macro_key">-1</string>
    <string name="pref_lib_darken_light_1_macro_key">60000</string>
    <string name="pref_lib_exposure_compensation_key">60000</string>
    <string name="pref_lib_saturation_2_tele_key">60000</string>
    <string name="pref_lib_hdr_range_minus_macro_key">60000</string>
    <string name="pref_lib_hdr_intensity_tele_key">60000</string>
    <string name="pref_lib_saturation_macro_key">3009</string>
    <string name="pref_lib_sharpness_key">3015</string>
    <string name="pref_topbar_focus_infinty_key">0</string>
    <string name="pref_lib_exposure_compensation_macro_key">60000</string>
    <string name="pref_zoom_in_command_string">-1</string>
    <string name="pref_has_checked_dual_ev_brightness">0</string>
    <string name="pref_lib_hdr_lightness_wide_key">60000</string>
    <string name="pref_ois_key">1</string>
    <string name="lib_processing_key">666</string>
    <string name="pref_camera_dynamic_depth_enabled_key">0</string>
    <string name="pref_lib_contrast_1_key">62</string>
    <string name="pref_camera_picturesize_front_key">2880x2156</string>
    <string name="pref_lib_darken_light_1_tele_key">60000</string>
    <string name="pref_lib_contrast_2_wide_key">450</string>
    <string name="pref_lib_exposure_compensation_teleplus_key">60000</string>
    <string name="pref_lib_chroma_l4_teleplus_key">2009</string>
    <string name="pref_camera_grid_lines_mode">0</string>
    <string name="pref_lib_chroma_l3_wide_key">2009</string>
    <string name="pref_lib_contrast_1_tele_key">60</string>
    <string name="pref_imax_audio_enabled_key">1</string>
    <string name="pref_lib_highlight_color_wide_key">60000</string>
    <string name="pref_get_id_key">2131427966</string>
    <string name="pref_lib_enable_key">1</string>
    <string name="pref_color_filter_arrangement_back_key">-1</string>
    <string name="pref_shasta_key">0</string>
    <string name="pref_lib_color_tuning_2_wide_key">60000</string>
    <string name="pref_lib_saturation_teleplus_key">3009</string>
    <string name="pref_lib_spatial_wide_key">3009</string>
    <string name="pref_lib_saturation_2_macro_key">60000</string>
    <string name="pref_lib_gamma_y1_key">-6</string>
    <string name="pref_lib_chroma1_l4_wide_key">2009</string>
    <string name="pref_camera_enable_iris">0</string>
    <string name="pref_astro_button_key">1</string>
    <string name="pref_micro_mode">1</string>
    <string name="pref_has_checked_ornament_mode">0</string>
    <string name="pref_isdevice_key">0</string>
    <string name="pref_lib_saturation_3_macro_key">60000</string>
    <string name="pref_aux_icon_id5_key">15</string>
    <string name="lib_processing_macro_key">777</string>
    <string name="pref_lib_luma_l3_tele_key">2009</string>
    <string name="pref_link_first_time_chip_click_ms">0</string>
    <string name="pref_lib_color_tuning_1_teleplus_key">60000</string>
    <string name="pref_lib_brightness_macro_key">60000</string>
    <string name="pref_lib_saturation_3_wide_key">60000</string>
    <string name="pref_noise_modeler_back_key">ULTRA_IMX586</string>
    <string name="pref_lib_chroma1_l2_teleplus_key">2009</string>
    <string name="pref_lib_chroma_l1_wide_key">2009</string>
    <string name="pref_hirizon_level_key">1</string>
    <string name="pref_lib_hdr_lightness_teleplus_key">60000</string>
    <string name="pref_lib_hdr_range_minus_teleplus_key">60000</string>
    <string name="pref_aux_enable_id2_key">0</string>
    <string name="pref_lib_chroma_l4_tele_key">2009</string>
    <string name="pref_lib_method_override_2_tele_key">60000</string>
    <string name="pref_topbar_focus_near_key">13.14</string>
    <string name="pref_lib_experimental_10_key">60000</string>
    <string name="pref_lib_dehazed_teleplus_key">2</string>
    <string name="pref_lib_chroma1_l1_wide_key">2009</string>
    <string name="pref_lib_luma_l2_wide_key">2009</string>
    <string name="pref_lib_chroma1_l3_macro_key">2009</string>
    <string name="pref_force_rawsensor_key">1</string>
    <string name="pref_lib_darken_light_1_key">824</string>
    <string name="pref_lib_dehaze_macro_key">60000</string>
    <string name="pref_lib_chroma1_l3_teleplus_key">2009</string>
    <string name="pref_lib_chroma1_wide_key">3009</string>
    <string name="pref_lib_chroma1_tele_key">3009</string>
    <string name="pref_aemode_front_key">0</string>
    <string name="pref_antibanding_key">2</string>
    <string name="pref_video_fps_p2018_key">FPS_AUTO</string>
    <string name="pref_motion_toast_last_shown_version">7.4.201.322479879</string>
    <string name="pref_lib_highlight_color_macro_key">60000</string>
    <string name="pref_camera_raw_output_key">0</string>
    <string name="pref_switch_camera_command_string">-1</string>
    <string name="pref_has_checked_photosphere_mode">0</string>
    <string name="pref_switch_to_next_mode_command_string">-1</string>
    <string name="pref_libs_key">0</string>
    <string name="pref_lib_curve_whites_key">15</string>
    <string name="pref_lib_brightness_tele_key">60000</string>
    <string name="pref_stream_opmode_key">2</string>
    <string name="pref_lib_chroma_key">3009</string>
    <string name="pref_lib_chroma1_key">3009</string>
    <string name="pref_lib_chroma1_l4_macro_key">2009</string>
    <string name="pref_lib_chroma_l3_teleplus_key">2009</string>
    <string name="pref_lib_exposure_compensation_wide_key">60000</string>
    <string name="pref_noise_modeler_front_key">ULTRA_IMX586</string>
    <string name="pref_lib_experimental_11_key">60000</string>
    <string name="pref_lib_radius_temporal_tele_key">105</string>
    <string name="pref_lib_luma_l4_teleplus_key">2009</string>
    <string name="key_social_share_opt_in">1</string>
    <string name="key_ff_opt_in">1</string>
    <string name="pref_has_checked_dual_ev_shadow">0</string>
    <string name="pref_lib_chroma1_l4_key">2009</string>
    <string name="pref_lib_brightness_wide_key">60000</string>
    <string name="pref_lib_darken_light_1_teleplus_key">60000</string>
    <string name="pref_lib_method_override_2_teleplus_key">60000</string>
    <string name="pref_lib_spatial_teleplus_key">3009</string>
    <string name="pref_awb_back_key">44</string>
    <string name="pref_lib_luma_l1_key">2013</string>
    <string name="pref_curve_moreinfo">0</string>
    <string name="pref_lib_color_tuning_1_key">60000</string>
    <string name="pref_shutter_command_string">-1</string>
    <string name="pref_aux_enable_id1_key">0</string>
    <string name="pref_has_checked_gouda_mode">1</string>
    <string name="pref_set_log_mode_key">0</string>
    <string name="pref_aux_enable_id4_key">0</string>
    <string name="pref_awb_tele_key">5</string>
    <string name="pref_dbl_macro_key">0</string>
    <string name="pref_camera_coach_key">1</string>
    <string name="pref_lib_chroma_wide_key">3009</string>
    <string name="pref_lib_spatial_tele_key">3009</string>
    <string name="pref_lib_saturation_2_teleplus_key">60000</string>
    <string name="pref_lib_saturation_2_wide_key">60000</string>
    <string name="pref_aemode_aux_key">0</string>
    <string name="inf_focus_key">0</string>
    <string name="pref_lib_exposure_time_key">60000</string>
    <string name="pref_lib_dehazed_wide_key">2</string>
    <string name="pref_noise_modeler_toggle_front_key">1</string>
    <string name="pref_hexagon_key">1</string>
    <string name="pref_lib_method_override_2_macro_key">60000</string>
    <string name="pref_lib_highlight_color_tele_key">60000</string>
    <string name="pref_aux_get_id4_key">4</string>
    <string name="pref_lib_luma_l3_macro_key">2009</string>
    <string name="pref_ext_mic_key">0</string>
    <string name="pref_lib_method_override_wide_key">60000</string>
    <string name="pref_erasedots_key">1</string>
    <string name="pref_lib_chroma_l3_tele_key">2009</string>
    <string name="pref_focus_time_key">4</string>
    <string name="pref_exposure_aux_option_available_key">+3</string>
    <string name="pref_show_focus_tracking_button_key">0</string>
    <string name="pref_exposure_front_option_available_key">+3</string>
    <string name="pref_gl_preview_key">0</string>
    <string name="pref_aux_icon_id3_key">13</string>
    <string name="pref_lib_exposure_compensation_tele_key">60000</string>
    <string name="pref_camera_picturesize_back_key">4656x3496</string>
    <string name="pref_lib_method_override_2_wide_key">60000</string>
    <string name="pref_lib_radius_temporal_wide_key">105</string>
    <string name="pref_lib_luma_l1_macro_key">2009</string>
    <string name="pref_lib_radius_temporal_macro_key">105</string>
    <string name="pref_lib_hue_shift_key">812</string>
    <string name="pref_topbar_manual_focus_key">1</string>
    <string name="pref_lib_hdr_intensity_key">321</string>
    <string name="pref_lib_dehaze_teleplus_key">60000</string>
    <string name="pref_lib_spatial_key">3009</string>
    <string name="pref_gcam_zlog_key">1</string>
    <string name="pref_switch_manual_camera_array_key">0</string>
    <string name="pref_lib_chroma1_macro_key">3009</string>
    <string name="pref_lib_chroma1_l3_key">2013</string>
    <string name="pref_lib_color_tuning_1_wide_key">60000</string>
    <string name="pref_lib_sharpdepth_2_tele_key">60000</string>
    <string name="pref_lib_chroma1_l4_teleplus_key">2009</string>
    <string name="pref_lib_sharpdepth_2_key">6025</string>
    <string name="pref_lib_saturation_3_tele_key">60000</string>
    <string name="pref_lib_iso_teleplus_key">60000</string>
    <string name="pref_lib_hdr_range_minus_key">60000</string>
    <string name="pref_lib_radius_temporal_key">105</string>
    <string name="pref_lib_hdr_lightness_macro_key">60000</string>
    <string name="pref_camera_resolution">full</string>
    <string name="pref_lib_hue_shift_teleplus_key">60000</string>
    <string name="pref_lib_color_tuning_2_key">60000</string>
    <string name="pref_lib_exposure_depend_tele_key">60000</string>
    <string name="pref_lib_darken_light_1_wide_key">60000</string>
    <string name="pref_noise_modeler_aux_key">ULTRA_IMX586</string>
    <string name="pref_lib_contrast_1_wide_key">60</string>
    <string name="pref_exposure_max_back_key">5</string>
    <string name="pref_portrait_binning_key">1</string>
    <string name="pref_lib_contrast_2_tele_key">450</string>
    <string name="pref_lib_hdr_range_minus_wide_key">60000</string>
    <string name="pref_lib_color_tuning_2_tele_key">60000</string>
    <string name="pref_lib_smoothness_key">2009</string>
    <string name="pref_lib_chroma_l3_macro_key">2009</string>
    <string name="pref_lib_saturation_3_teleplus_key">60000</string>
    <string name="pref_lib_brightness_teleplus_key">60000</string>
    <string name="pref_af_mode_front">0</string>
    <string name="pref_lib_gamma_y2_key">15</string>
    <string name="pref_aux_get_id5_key">5</string>
    <string name="key_modeless_video">0</string>
    <string name="pref_lib_luma_l3_teleplus_key">2009</string>
    <string name="pref_lib_contrast_2_key">480</string>
    <string name="pref_lib_coef_gamma_key">60000</string>
    <string name="pref_upgrade_version">21</string>
    <string name="pref_aux_enable_id3_key">0</string>
    <string name="pref_lib_chroma1_l2_tele_key">2009</string>
    <string name="pref_camera_aux_front_key">1</string>
    <string name="pref_lib_hdr_lightness_key">220</string>
    <string name="pref_dbl_wide_key">0</string>
    <string name="pref_max_zoom_key">50</string>
    <string name="pref_video_fps_4k_key">FPS_30</string>
    <string name="pref_awb_macro_key">5</string>
    <string name="pref_lib_luma_l2_teleplus_key">2009</string>
    <string name="pref_aux_icon_id4_key">14</string>
    <string name="pref_lib_iso_key">1018</string>
    <string name="pref_interface_key">14</string>
    <string name="pref_camera_recordlocation_key">0</string>
    <string name="s_focus_key">3.21</string>
    <string name="pref_lib_chroma1_l1_tele_key">2009</string>
    <string name="pref_lib_luma_l2_tele_key">2009</string>
    <string name="pref_lib_dehazed_key">2</string>
    <string name="pref_color_filter_arrangement_wide_key">-1</string>
    <string name="pref_lib_luma_key">3009</string>
    <string name="pref_has_checked_cuttlefish_mode">1</string>
    <string name="pref_lib_chroma1_l2_key">2009</string>
    <string name="pref_lib_curve_pdarks_key">330</string>
    <string name="pref_lib_hdr_range_minus_tele_key">60000</string>
    <string name="pref_zoom_out_command_string">-1</string>
    <string name="pref_lib_chroma1_l1_macro_key">2009</string>
    <string name="lib_processing_teleplus_key">777</string>
    <string name="pref_has_checked_measure_mode">0</string>
    <string name="pref_lib_dehaze_tele_key">60000</string>
    <string name="pref_enable_camera_key">1</string>
    <string name="pref_aux_mode_key">0</string>
    <string name="pref_color_filter_arrangement_tele_key">-1</string>
    <string name="pref_lib_saturation_3_key">60000</string>
    <string name="pref_awb_front_key">44</string>
    <string name="pref_af_mode_back">0</string>
    <string name="pref_restart_key">0</string>
    <string name="pref_lib_saturation_2_key">60000</string>
    <string name="pref_noise_modeler_toggle_aux_key">1</string>
    <string name="pref_shutternew_key">1</string>
    <string name="pref_lib_method_override_tele_key">60000</string>
    <string name="pref_lib_method_override_key">60000</string>
    <string name="pref_lib_dehaze_key">3003</string>
    <string name="pref_lib_color_tuning_2_teleplus_key">60000</string>
    <string name="pref_aux_icon_id1_key">11</string>
    <string name="pref_lib_chroma1_l1_teleplus_key">2009</string>
    <string name="pref_lib_dehazed_tele_key">2</string>
    <string name="pref_lib_chroma_tele_key">3009</string>
    <string name="pref_lib_chroma_l1_key">2013</string>
    <string name="pref_lib_hdr_range_plus_tele_key">60000</string>
    <string name="pref_lib_smoothing_l1_key">60000</string>
    <string name="pref_lib_luma_l4_wide_key">2009</string>
    <string name="pref_lib_sharpdepth_2_macro_key">60000</string>
    <string name="pref_lib_luma_l1_teleplus_key">2009</string>
    <string name="pref_exposure_max_front_key">5</string>
    <string name="pref_release_dialog_last_shown_version"></string>
    <string name="pref_lib_chroma_l2_tele_key">2009</string>
    <string name="pref_lib_iso_wide_key">60000</string>
    <string name="pref_model_back_key">10</string>
    <string name="pref_volume_key_action">Shutter</string>
    <string name="pref_lib_color_tuning_1_macro_key">60000</string>
    <string name="pref_lib_iso_macro_key">60000</string>
    <string name="pref_astro_key">32000</string>
    <string name="pref_awb_teleplus_key">5</string>
    <string name="pref_lib_sharpdepth_2_wide_key">60000</string>
    <string name="pref_lib_luma_l4_key">2009</string>
    <long name="tooltip_latest_impression_timestamp_for_cuttlefish_steady_advice" value="1627821348861" />
    <string name="pref_lib_hdr_range_plus_key">910</string>
    <string name="pref_lib_luma_wide_key">3009</string>
    <string name="pref_exposure_portrait_option_available_key">+3</string>
    <string name="pref_lib_chroma_l4_key">2009</string>
    <string name="lib_processing_wide_key">777</string>
    <string name="pref_camera_hdr_plus_key">auto</string>
    <string name="pref_video_stabilization_key">1</string>
    <string name="pref_bitrate_key">60000000</string>
    <string name="pref_dbl_teleplus_key">0</string>
    <string name="pref_lib_hdr_range_plus_macro_key">60000</string>
    <string name="pref_lib_sharpness_tele_key">3009</string>
    <string name="pref_lib_contrast_2_teleplus_key">450</string>
    <int name="tooltip_impression_count_for_cuttlefish_steady_advice" value="1" />
    <string name="manualfocus_restart">0</string>
    <string name="pref_lib_sharpdepth_2_teleplus_key">60000</string>
    <set name="pref_list_camera_key">
        <string>0</string>
        <string>1</string>
        <string>2</string>
        <string>3</string>
    </set>
    <string name="pref_has_checked_tiara_mode">0</string>
    <string name="pref_lib_sharpness_teleplus_key">3009</string>
    <string name="pref_lib_hdr_intensity_teleplus_key">60000</string>
    <string name="pref_dbl_front_key">0</string>
    <string name="pref_portrait_single_key">1</string>
    <string name="pref_lib_chroma_l2_key">2009</string>
    <string name="pref_aux_icon_id2_key">12</string>
    <string name="pref_lib_luma_l1_tele_key">2009</string>
    <string name="pref_aux_get_id3_key">3</string>
    <string name="pref_ois_video_stabilization_key">1</string>
    <string name="pref_lib_method_override_teleplus_key">60000</string>
    <string name="pref_lib_method_override_2_key">60000</string>
    <string name="pref_video_hevc_setting_key">1</string>
    <string name="pref_lib_dehazed_macro_key">2</string>
    <string name="pref_lib_experimental_8_key">60000</string>
    <string name="pref_lib_chroma_l1_macro_key">2009</string>
    <string name="pref_camera_sounds_key">1</string>
    <string name="pref_lib_temporal_binning_key">60000</string>
    <string name="pref_lib_sharpness_macro_key">3009</string>
    <string name="pref_lib_chroma1_l3_wide_key">2009</string>
    <string name="pref_aux_enable_id5_key">0</string>
    <string name="pref_lib_curve_darks_key">-6</string>
    <string name="pref_exposure_max_aux_key">5</string>
    <string name="pref_lib_smoothing_l2_key">60000</string>
    <string name="pref_lib_contrast_1_macro_key">60</string>
    <string name="pref_lib_chroma1_l3_tele_key">2009</string>
    <string name="pref_lib_color_tuning_1_tele_key">60000</string>
    <string name="pref_color_filter_arrangement_48_key">-1</string>
    <string name="lib_processing_tele_key">777</string>
    <string name="pref_aemode_back_key">0</string>
    <string name="pref_model_aux_key">10</string>
    <string name="pref_lib_chroma_l2_macro_key">2009</string>
    <string name="pref_lib_exposure_depend_wide_key">60000</string>
    <string name="pref_video_fps_key">FPS_30</string>
    <string name="pref_lib_experimental_9_key">60000</string>
    <string name="pref_model_front_key">10</string>
    <string name="perf_has_run_second_education">0</string>
    <string name="pref_lib_luma_l1_wide_key">2009</string>
    <string name="2m_focus_key">2.2</string>
    <string name="pref_noise_modeler_toggle_back_key">1</string>
    <string name="pref_aux_get_id2_key">2</string>
    <string name="pref_lib_hdr_intensity_macro_key">60000</string>
    <string name="pref_lib_luma_l4_tele_key">2009</string>
    <string name="pref_frames_key">20</string>
    <string name="pref_camera_aux_back_key">0</string>
    <string name="pref_lib_color_tuning_2_macro_key">60000</string>
    <string name="pref_has_checked_lens_mode">0</string>
    <string name="pref_awb_wide_key">5</string>
    <string name="pref_camera_dirty_lens_history_key0"></string>
    <string name="pref_lib_iso_tele_key">60000</string>
    <string name="pref_lib_sharpness_wide_key">3009</string>
    <string name="pref_video_resolution">RES_1080P</string>
    <string name="pref_lib_chroma_l2_wide_key">2009</string>
    <string name="pref_camera_advice_settings">1</string>
</map>
