<?xml version='1.0' encoding='UTF-8' ?><!--
Created by Alight Motion (http://alightmotion.com)
Exported: 2022-02-21 04:06 PM
3.6.2 (0504)
 (25-Jan-2021 4:54:18 am)
-->
<scene title="SMART VABNA 1" width="1080" height="1920" exportWidth="1080" exportHeight="1920" bgcolor="#ff000000" totalTime="15665" fps="30" modifiedTime="1645439773453" amver="504" ffver="101" am="com.alightcreative.motion/3.6.2" amplatform="android">
  <bookmark t="2750" />
  <bookmark t="3716" />
  <bookmark t="4216" />
  <bookmark t="6183" />
  <bookmark t="6683" />
  <bookmark t="7683" />
  <bookmark t="8150" />
  <bookmark t="9150" />
  <bookmark t="13083" />
  <bookmark t="13583" />
  <bookmark t="14316" />
  <bookmark t="14550" />
  <bookmark t="5683" />
  <bookmark t="9650" />
  <bookmark t="10616" />
  <bookmark t="11383" />
  <bookmark t="11616" />
  <bookmark t="13350" />
  <bookmark t="7416" />
  <shape id="616286" label="smart Vabna 4" startTime="0" endTime="15665" fillType="color" s=".roundrect">
    <transform>
      <location value="552.314453,945.883545" />
      <scale value="5.948898,10.575817" />
    </transform>
    <fillColor value="#ff9e43ca" />
    <effect id="com.alightcreative.effects.lift" locallyApplied="true">
      <property name="fill" type="float" value="0.000000" />
    </effect>
    <effect id="com.alightcreative.effects.channelmap" locallyApplied="true">
      <property name="red" type="int" value="0" />
      <property name="green" type="int" value="1" />
      <property name="blue" type="int" value="1" />
      <property name="alpha" type="int" value="3" />
    </effect>
    <effect id="com.alightcreative.effects.sharpen" locallyApplied="true">
      <property name="strength" type="float" value="1.500000" />
      <property name="radius" type="float" value="1.000000" />
    </effect>
    <property name="size" type="vec2" value="100.000000,100.000000" />
    <property name="cornerRadius" type="float" value="25.000000" />
  </shape>
  <shape id="616253" label="smart Vabna 3" startTime="0" endTime="15665" fillType="color" s=".roundrect">
    <transform>
      <location value="540.000000,960.000000" />
      <scale value="9.600000,9.600000" />
    </transform>
    <fillColor value="#ff7283b2" />
    <effect id="com.alightcreative.effects.lift" locallyApplied="true">
      <property name="fill" type="float" value="0.000000" />
    </effect>
    <effect id="com.alightcreative.effects.simplestars2" locallyApplied="true">
      <property name="starParallax" type="vec3">
        <kf t="1.152252" v="-711.555725,0.000000,0.000000" />
        <kf t="1.064986" v="-637.000000,0.000000,0.000000" />
        <kf t="1.067093" v="-2256.000000,0.000000,0.000000" />
        <kf t="0.000064" v="-2497.000000,0.000000,0.000000" />
      </property>
      <property name="scale" type="float" value="1.240000" />
      <property name="starSize" type="float" value="0.137000" />
      <property name="starFeather" type="float" value="3.000000" />
      <property name="color" type="color" value="#ffffffff" />
      <property name="alpha" type="float" value="1.000000" />
      <property name="starCount" type="float" value="25.000000" />
      <property name="brightness" type="float" value="1.000000" />
      <property name="blendMode" type="int" value="2" />
    </effect>
    <property name="size" type="vec2" value="100.000000,100.000000" />
    <property name="cornerRadius" type="float" value="25.000000" />
  </shape>
  <shape id="616641" label="smart Vabna 2" startTime="0" endTime="15665" fillType="color" blending="subtract" s=".rect">
    <transform>
      <location value="540.000000,960.000000" />
      <scale value="5.464687,9.715000" />
    </transform>
    <fillColor value="#ff43da45" />
    <effect id="com.alightcreative.effects.lift" locallyApplied="true">
      <property name="fill" type="float" value="0.000000" />
    </effect>
    <effect id="com.alightcreative.effects.gaussianblur" locallyApplied="true">
      <property name="strength" type="float" value="0.415000" />
    </effect>
    <effect id="com.alightcreative.effects.exposure" locallyApplied="true">
      <property name="exposure" type="float" value="-0.690000" />
      <property name="gamma" type="float" value="1.015000" />
      <property name="offset" type="float" value="-0.060000" />
    </effect>
    <effect id="com.alightcreative.effects.satvib" locallyApplied="true">
      <property name="saturation" type="float" value="0.125000" />
      <property name="vib" type="float" value="1.000000" />
    </effect>
    <effect id="com.alightcreative.effects.highlightshadow" locallyApplied="true">
      <property name="highlights" type="float" value="2.000000" />
      <property name="shadows" type="float" value="1.180000" />
    </effect>
    <effect id="com.alightcreative.effects.colortune2" locallyApplied="true">
      <property name="lift" type="vec3" value="43.361115,0.130235,0.000000" />
      <property name="gamma" type="vec3" value="50.141052,0.077554,0.000000" />
      <property name="gain" type="vec3" value="132.229919,0.109117,0.000000" />
      <property name="offset" type="vec3" value="-134.811890,0.071886,0.000000" />
    </effect>
    <effect id="com.alightcreative.effects.sharpen" locallyApplied="true">
      <property name="strength" type="float" value="0.430000" />
      <property name="radius" type="float" value="1.400000" />
    </effect>
    <effect id="com.alightcreative.effects.brightcont2" locallyApplied="true">
      <property name="brightness" type="float" value="0.010000" />
      <property name="contrast" type="float" value="0.000000" />
    </effect>
    <property name="size" type="vec2" value="100.000000,100.000000" />
  </shape>
  <shape id="616642" label="smart Vabna 1" startTime="0" endTime="15665" fillType="color" blending="overlay" s=".rect">
    <transform>
      <location value="540.000000,960.000000" />
      <scale value="5.506876,9.790000" />
    </transform>
    <property name="size" type="vec2" value="100.000000,100.000000" />
  </shape>
</scene>