<?xml version='1.0' encoding='utf-8' standalone='yes' ?>
<map>
    <string name="pref_zoom_in_command_string">-1</string>
    <string name="pref_has_checked_dual_ev_brightness">0</string>
    <string name="pref_lib_chroma_l3_key">2007</string>
    <string name="pref_set_log_mode_key">0</string>
    <string name="pref_lib_method_override_key">60000</string>
    <string name="pref_lib_contrast_1_key">60</string>
    <string name="pref_camera_coach_key">1</string>
    <string name="pref_enable_config_key">1</string>
    <string name="pref_double_tap_key">zoom</string>
    <string name="pref_camera_picturesize_front_key">4000x2250</string>
    <string name="pref_lib_dehaze_key">3006</string>
    <string name="pref_camera_grid_lines_mode">1</string>
    <string name="pref_lib_exposure_time_key">60000</string>
    <string name="pref_opmodes_in">1</string>
    <string name="pref_imax_audio_enabled_key">0</string>
    <string name="pref_aux_icon_id1_key">2</string>
    <string name="pref_aux_get_id4_key">4</string>
    <string name="pref_ext_mic_key">0</string>
    <string name="pref_last_location_recording_state">1</string>
    <string name="pref_switch_to_previous_mode_command_string">-1</string>
    <string name="pref_aux_icon_id3_key">3</string>
    <int name="tooltip_impression_count_for_long_press" value="1" />
    <string name="pref_lib_enable_key">0</string>
    <string name="pref_lib_chroma_l1_key">2009</string>
    <string name="pref_has_checked_cheetah_mode">1</string>
    <string name="pref_lib_smoothing_l1_key">60000</string>
    <string name="pref_camera_picturesize_back_key">3840x2160</string>
    <string name="pref_mode_vesper_level">0</string>
    <string name="pref_lib_gamma_y1_key">-6</string>
    <string name="pref_camera_enable_iris">1</string>
    <string name="pref_micro_mode">0</string>
    <string name="pref_has_checked_ornament_mode">0</string>
    <string name="pref_release_dialog_last_shown_version"></string>
    <string name="pref_camera_hdrplus_option_available_key">1</string>
    <string name="pref_lib_spatial_key">3009</string>
    <string name="pref_aux_icon_id5_key">5</string>
    <string name="pref_volume_key_action">shutter</string>
    <string name="pref_has_seen_permissions_dialogs">1</string>
    <string name="pref_link_first_time_chip_click_ms">0</string>
    <string name="pref_config_nickname_key">archesolus</string>
    <string name="pref_lib_chroma1_l3_key">2009</string>
    <int name="tooltip_impression_count_for_micro_tutorial_dismiss" value="1" />
    <string name="pref_use_force_sabre_key">0</string>
    <long name="tooltip_latest_impression_timestamp_for_cuttlefish_steady_advice" value="1602009123571" />
    <string name="pref_lib_sharpdepth_2_key">60000</string>
    <string name="pref_lib_luma_l4_key">2009</string>
    <string name="pref_lib_luma_l2_key">2005</string>
    <string name="pref_camera_resolution">full</string>
    <string name="pref_lib_gamma_x2_key">333</string>
    <string name="key_aspect_ratio">0</string>
    <string name="pref_camera_selfie_mirror_key">1</string>
    <string name="pref_lib_chroma_l4_key">2002</string>
    <string name="pref_aux_get_id1_key">0</string>
    <string name="pref_lib_smoothness_key">60000</string>
    <string name="pref_camera_hdr_plus_key">on</string>
    <string name="pref_lib_experimental_10_key">60000</string>
    <string name="pref_af_mode_front">0</string>
    <int name="tooltip_impression_count_for_cuttlefish_steady_advice" value="1" />
    <string name="pref_lib_gamma_y2_key">15</string>
    <string name="pref_aux_get_id5_key">5</string>
    <set name="pref_list_camera_key">
        <string>0</string>
        <string>1</string>
        <string>2</string>
        <string>3</string>
    </set>
    <string name="pref_has_checked_tiara_mode">0</string>
    <boolean name="pref_config_show" value="false" />
    <string name="key_modeless_video">0</string>
    <string name="pref_social_app_com_google_android_apps_messaging">1</string>
    <string name="pref_opmode_video_key">32772</string>
    <string name="pref_lib_contrast_2_key">450</string>
    <string name="pref_lib_coef_gamma_key">60000</string>
    <string name="pref_hdr_frame_key">0</string>
    <string name="pref_upgrade_version">21</string>
    <long name="tooltip_latest_impression_timestamp_for_micro_tutorial_dismiss" value="1602009849484" />
    <string name="pref_lib_chroma_l2_key">2009</string>
    <boolean name="autotimer_tutorial_shown" value="true" />
    <string name="panorama_upgrade_version">1</string>
    <string name="pref_aux_icon_id2_key">1</string>
    <string name="pref_lib_curve_pwhites_key">333</string>
    <string name="pref_aux_get_id3_key">3</string>
    <string name="perf_has_shown_options_bar">1</string>
    <string name="pref_video_fps_p2018_key">FPS_AUTO</string>
    <string name="pref_motion_toast_last_shown_version">5.2Note7Pro.201006.1023build-7.4.104</string>
    <string name="pref_encode_version">YXJjaGVzb2x1cw==</string>
    <string name="pref_camera_raw_output_key">0</string>
    <string name="pref_lib_method_override_2_key">60000</string>
    <string name="pref_video_fps_4k_key">FPS_30</string>
    <string name="pref_video_hevc_setting_key">1</string>
    <string name="pref_switch_camera_command_string">-1</string>
    <string name="pref_has_checked_photosphere_mode">1</string>
    <string name="pref_camera_sounds_key">0</string>
    <string name="pref_lib_experimental_8_key">60000</string>
    <string name="pref_switch_to_next_mode_command_string">-1</string>
    <string name="pref_lib_temporal_binning_key">60000</string>
    <string name="pref_aux_icon_id4_key">4</string>
    <string name="pref_lib_curve_whites_key">15</string>
    <string name="pref_lib_exp_enable_key">1</string>
    <string name="pref_lib_iso_key">60000</string>
    <string name="pref_lib_curve_darks_key">-6</string>
    <string name="pref_stream_opmode_key">2</string>
    <string name="pref_camera_recordlocation_key">0</string>
    <boolean name="finish_video_capture" value="true" />
    <string name="pref_lib_chroma_key">3008</string>
    <string name="pref_lib_chroma1_key">3009</string>
    <string name="pref_lib_dehazed_key">2</string>
    <string name="pref_lib_smoothing_l2_key">60000</string>
    <string name="pref_camera_raw_output_option_available_key">1</string>
    <string name="pref_has_checked_cuttlefish_mode">1</string>
    <string name="pref_lib_luma_key">3008</string>
    <string name="pref_lib_chroma1_l2_key">2009</string>
    <string name="pref_motion_photo_key">1</string>
    <string name="pref_lib_curve_pdarks_key">333</string>
    <string name="pref_lib_improved_gluing_key">60000</string>
    <string name="pref_lib_chroma1_l1_key">2009</string>
    <string name="perf_has_run_first_education">1</string>
    <string name="pref_lib_experimental_11_key">60000</string>
    <string name="pref_zoom_out_command_string">-1</string>
    <string name="pref_lib_experimental_9_key">60000</string>
    <string name="key_social_share_opt_in">1</string>
    <string name="pref_lib_luma_l3_key">2009</string>
    <string name="perf_has_run_second_education">0</string>
    <string name="pref_has_checked_measure_mode">0</string>
    <string name="pref_color_filter_arrangement_key">7</string>
    <string name="key_ff_opt_in">0</string>
    <string name="pref_lib_gamma_x1_key">333</string>
    <string name="pref_has_checked_dual_ev_shadow">0</string>
    <string name="pref_lib_saturation_key">3010</string>
    <string name="pref_tracking_focus_key">1</string>
    <string name="pref_lib_chroma1_l4_key">2009</string>
    <string name="pref_lib_exposure_compensation_key">60000</string>
    <string name="pref_dirty_lens_detector_key">0</string>
    <string name="pref_aux_get_id2_key">2</string>
    <string name="pref_opmode_motion_key">32888</string>
    <string name="pref_enable_camera_key">1</string>
    <string name="pref_has_checked_lens_mode">0</string>
    <string name="pref_config_changelog_key">W0Fybm92YSB2NS4yIFN0YWJsZV0KTWFpbiBDb25maWcgZm9yIFJON1BybwoK4oiGIEdvb2dsZSBB&#10;V0IgaXMgZGlzYWJsZWQgYnkgZGVmYXVsdCB0byBlbnN1cmUgYSBzdHJhaWdodGZvcndhcmQgYW5k&#10;IGhhc3NsZS1mcmVlIHVzZXIgZXhwZXJpZW5jZS4gU3VpdHMgYWxsIGluZG9vciBhbmQgb3V0ZG9v&#10;ciBjb25kaXRpb25zIGJ5IHJlbmRlcmluZyBhY2N1cmF0ZSBpbWFnZSB0ZW1wZXJhdHVyZSBhbmQg&#10;Y29sb3JzIHdoZXRoZXIgc2hvb3RpbmcgaW4gbmF0dXJhbCBvciBhcnRpZmljaWFsIGxpZ2h0aW5n&#10;IOKIhgoKW1dvcmtpbmddCuKAoiBQb3J0cmFpdArigKIgQ2FtZXJhCuKAoiBQYW5vcmFtYQrigKIg&#10;R29vZ2xlIEFSCuKAoiBHb29nbGUgTGVucwrigKIgVGltZSBMYXBzZQrigKIgU2xvdyBNb3Rpb24K&#10;4oCiIFJBVyAmIEhFVkMK4oCiIFBob3RvIFNwaGVyZQrigKIgU3VwZXJSZXNab29tCuKAoiBOaWdo&#10;dCBTaWdodOKEokFzdHJvCuKAoiA0SyB+QS8yNC8zMC82MGZwcwrigKIgMTA4MHAgfkEvMjQvMzAv&#10;NjBmcHMK4oCiIFZpZGVvIFN0YWJpbGl6YXRpb24g4p+oRUlT4p+pCuKAoiBIRFIrICYgSERSKyBF&#10;bmhhbmNlZAoKW1hNTCBUdW5pbmddCuKAoiBpbXByb3ZlZCBkZXRhaWxzCuKAoiBpbXByb3ZlZCBk&#10;ZWhhemluZwrigKIgaW1wcm92ZWQgZXhwb3N1cmUK4oCiIGluY3JlYXNlZCBzYXR1cmF0aW9uCuKA&#10;oiBpbmNyZWFzZWQgc2hhcnBuZXNzCuKAoiBvcHRpbWl6ZWQgY29sb3IgZGVub2lzZQrigKIgb3B0&#10;aW1pemVkIG5vaXNlIHJlZHVjdGlvbgrigKIgcmVkdWNlZCBzaGFycGVuaW5nIGFydGlmYWN0cwri&#10;gKIgZWxpbWluYXRlZCBjaHJvbWF0aWMgYWJlcnJhdGlvbnMKCkVJUyB3b3JrcyBvbmx5IG9uIDEw&#10;ODBwIH5BLzI0LzMwZnBzIHZpZGVvcyB1c2luZyBJTVg1ODYgUUJDIEhEUiBNb2RlIHN0cmVhbSBj&#10;b25maWcgd2hpY2ggaXMgc2V0IGJ5IGRlZmF1bHQgdmlhIFhNTCBDb25maWcKCuKIhiBFeHBlcmlt&#10;ZW50YWwgU3RyZWFtIENvbmZpZyB3b3JrcyBvbmx5IHdoZW4gYWxsIG90aGVyIHN0cmVhbSBjb25m&#10;aWdzIGFyZSB0dXJuZWQgb2ZmIOKIhgoKRm9yIHNtb290aGVyIDRLIHZpZGVvcyBIRVZDIG11c3Qg&#10;YmUgZGlzYWJsZWQgZnJvbSBhZHZhbmNlZCBtZW51IH4gNjBmcHMgbm90IHN1cHBvcnRlZAoKVG8g&#10;ZWxpbWluYXRlIGZvY3VzIGh1bnRpbmcgaXNzdWVzIHdoaWxlIHJlY29yZGluZyBhIHNsb3ctbW90&#10;aW9uIHZpZGVvLCB0YXAgdG8gZm9jdXMgb24gdGhlIGNlbnRlciBvZiB0aGUgdmlld2ZpbmRlciBh&#10;bmQgbG9jayBBRi9BRSBieSB0YXBwaW5nIHRoZSBsb2NrIGljb24gb24gdG9wIG9mIHRoZSBFViBz&#10;bGlkZXIgfiAxLzggbm90IHN1cHBvcnRlZAoKRm9yIEFzdHJvIG1vZGUgdGhlcmUgaXMgYSBkZWRp&#10;Y2F0ZWQg4oC5QXN0cm9waG90b2dyYXBoeSBPbuKAuiBidXR0b24gd2hpY2ggY2FuIGJlIHNlbGVj&#10;dGVkIGZyb20gTmlnaHQgU2lnaHQgZHJvcC1kb3duIG1lbnUKCkZvciBiZXN0IGFzdHJvcGhvdG9n&#10;cmFwaHkgcmVzdWx0cywgc2V0IOKAuVNhbXN1bmcgUzVLSE1Y4oC6IGFzIEFXQiBtb2RlbCBmb3Ig&#10;YmFjayBjYW1lcmEgZnJvbSBNb2RzIENvbmZpZ3MgQ3JlYXRvciBhbmQgc2VsZWN0IOKAuUFXQiBP&#10;buKAuiBidXR0b24gZnJvbSBOaWdodCBTaWdodCBkcm9wLWRvd24gbWVudQoKeyBGb2N1cyDCuyBp&#10;bmZpbml0eSB9IHsgVGltZXIgwrsgM3NlYyB9CgpBV0IgT24gKEF1dG8pIGlzIHN1aXRhYmxlIGZv&#10;ciBzaG9vdGluZyBpbiBwYXJ0aWN1bGFyIG91dGRvb3IgY29uZGl0aW9ucyB3aGVyZSBhIGNvb2xl&#10;ciBpbWFnZSB0ZW1wZXJhdHVyZSBpcyBuZWVkZWQuIEdyZWF0IGZvciBjYXB0dXJpbmcgZm9saWFn&#10;ZSB3aXRoIGRhcmstYmx1ZWlzaCBncmVlbnMgYW5kIGdlbmVyYWxseSByZWNvbW1lbmRlZCBmb3Ig&#10;Ymx1ZSBjb2xvcnMuIEVzcGVjaWFsbHkgc3VpdGFibGUgZm9yIGNsb3VkeSB3ZWF0aGVyIGFuZCB1&#10;c2VmdWwgZm9yIGZyYW1pbmcgdGhlIGJsdWUgc2t5IHdpdGggYSBtYXNzIG9mIHdhdGVyIGluIG9u&#10;ZSBzaG90LiBOb3Qgc3VpdGFibGUgZm9yIGNhcHR1cmluZyB3YXJtIGNvbG9ycyBzdWNoIGFzIGxp&#10;Z2h0LWdyZWVucyBvciB5ZWxsb3cgY29sb3JzIGluIGdlbmVyYWwgYW5kIGdyZWF0IGZvciBuZXV0&#10;cmFsaXppbmcgc3VubGlnaHQKCkZvciBmYXN0ZXIgcGhvdG9zIHdpdGggSERSKyBFbmhhbmNlZCwg&#10;c2V0IEltYWdlIFF1YWxpdHkgdG8g4oC5T2Zm4oC6IG9yIHVzZSBzdGFuZGFyZCBIRFIrIGluc3Rl&#10;YWQgb2YgRW5oYW5jZWQKCkZvciBzbW9vdGhlciBzZWxmaWVzIHdpdGggbGVzcyBmYWNpYWwgZGV0&#10;YWlscyBvbiBIRFIrIEVuaGFuY2VkLCB0dXJuIG9mZiDigLlVc2UgU2FicmXigLogZnJvbSBhZHZh&#10;bmNlZCBtZW51LCB0dXJuIG9mZiBsaWIgcGF0Y2hlciBmcm9tIE1vZHMgQ29uZmlncyBDcmVhdG9y&#10;IGFuZCBzZXQgSW1hZ2UgUXVhbGl0eSB0byDigLlPZmbigLoKCuKIhiBTdXBlclJlc1pvb20gaXMg&#10;ZW5hYmxlZCBieSBkZWZhdWx0IGZvciBtYXhpbXVtIHBob3RvIHF1YWxpdHkg4oiGCgrigKLigKLi&#10;gKLigKLigKLigKLigKLigKLigKLigKLigKLigKLigKLigKLigKIgQ1JFRElUUyDigKLigKLigKLi&#10;gKLigKLigKLigKLigKLigKLigKLigKLigKLigKLigKLigKIKQSBiaWcgdGhhbmsgeW91IHRvIEFy&#10;bm92YThHMiBmb3IgbWFraW5nIHRoaXMgbW9kIHBvc3NpYmxlIGFuZCBzcGVjaWFsIHRoYW5rcyB0&#10;byBhbGwgYmV0YSB0ZXN0ZXJzOgoKQHRoZW9uZXdob21ha2Vzc2Vuc2UKQHVqandhbGtpcm9yaW1h&#10;bApAYXJjaGVzb2x1cwpAU29lYmlhbnRvCkB2aW5heTAwN3MKQGlTYXNhbms=</string>
    <string name="pref_camera_dirty_lens_history_key0">-17.0|</string>
    <string name="pref_camera_dirty_lens_history_key1">-17.0|</string>
    <string name="pref_awb_back_key">1</string>
    <int name="com.applisto.appcloner.classes.originalInstallVersionCode" value="61060045" />
    <string name="pref_lib_luma_l1_key">2005</string>
    <string name="pref_shutter_command_string">-1</string>
    <string name="pref_video_resolution">RES_1080P</string>
    <string name="pref_lib_sharpness_key">3011</string>
    <string name="pref_has_checked_gouda_mode">1</string>
    <string name="pref_camera_advice_settings">1</string>
    <string name="pref_awb_front_key">1</string>
    <string name="pref_af_mode_back">0</string>
</map>
