<?xml version='1.0' encoding='utf-8' standalone='yes' ?>
<map>
    <string name="pref_max_focus_value_back_key">14.29</string>
    <string name="lib_hdrsabrev2_hsl_key">0</string>
    <string name="pref_double_tap_key">zoom</string>
    <string name="lib_sabrtuny_hsl_key">0</string>
    <string name="lib_red_key">0</string>
    <string name="lib_dehazedexpo_key_2">0</string>
    <string name="lib_dehazedexpo_key_3">0</string>
    <string name="pref_switch_to_previous_mode_command_string">-1</string>
    <string name="lib_dehazedexpo_key_4">0</string>
    <string name="pref_theme_key">0</string>
    <string name="lib_lumadlsabre_l5_hsl_key">0</string>
    <string name="lib_volumeprocessing1_key_front">0</string>
    <string name="lib_lumadmsabre_l4a_hsl_key">0</string>
    <string name="lib_rownoise_key_2">0</string>
    <string name="lib_rownoise_key_4">0</string>
    <string name="lib_rownoise_key_3">0</string>
    <string name="pref_camera_hdrplus_option_available_key">1</string>
    <string name="lib_sharpenveryloww_l1_hsl_key">0</string>
    <string name="lib_lumadhsabre_l4_hsl_key">0</string>
    <string name="lib_spatialdenmi1_key">0</string>
    <string name="lib_user_curve_hsl_10">0.751</string>
    <string name="lib_softcontrast_hsl_key">0</string>
    <string name="lib_user_curve_hsl_11">0.816</string>
    <string name="lib_user_curve_hsl_12">0.875</string>
    <string name="lib_user_curve_hsl_13">0.926</string>
    <string name="lib_user_curve_hsl_14">0.969</string>
    <string name="pref_awb_key">42</string>
    <string name="lib_user_curve_hsl_15">1.0</string>
    <string name="pref_quality_hdr_key">20</string>
    <string name="pref_has_seen_permissions_dialogs">1</string>
    <string name="lib_smoothing1_hsl_key">0</string>
    <string name="lib_lumadenoise4_key_front">0</string>
    <string name="lib_fixshastamerge1_hsl_key">0</string>
    <string name="pref_dbl_tele_key">0</string>
    <string name="pref_manual_aux_name_4_key">ID4</string>
    <string name="lib_sharpness_hsl_key">0</string>
    <string name="lib_noisefactor_hsl_key">0</string>
    <string name="lib_whitelevel_hsl_key">0</string>
    <string name="pref_device_wide_key">0</string>
    <string name="lib_bettercolwiener_key_front">0</string>
    <string name="lib_curve_whites_hsl_key">16</string>
    <string name="lib_user_curve_10">0.751</string>
    <string name="lib_user_curve_12">0.875</string>
    <string name="lib_user_curve_11">0.816</string>
    <string name="lib_user_curve_14">0.969</string>
    <string name="lib_spatial_hsl_key">0</string>
    <string name="lib_user_curve_13">0.926</string>
    <string name="lib_user_curve_15">1.0</string>
    <string name="model_tune_wide_key">0</string>
    <string name="lib_spatialdenmi4_key_front">0</string>
    <string name="pref_video_stab_button_untouched_count">1</string>
    <string name="lib_sharpenverylow_l1_hsl_key">0</string>
    <string name="pref_Copmode_video_key">0</string>
    <string name="lib_spatialdenmi2_key_3">0</string>
    <string name="lib_spatialdenmi2_key_2">0</string>
    <string name="lib_lumadenoise5_key">0</string>
    <string name="lib_curve_pdarks_key">220</string>
    <string name="lib_contrastblack_ldr_key">0</string>
    <string name="lib_lumadhsabre_l1_hsl_key">0</string>
    <string name="lib_spatialdenmi2_key_4">0</string>
    <string name="lib_reducednoise_key_2">0</string>
    <string name="lib_reducednoise_key_4">0</string>
    <string name="lib_reducednoise_key_3">0</string>
    <string name="lib_lumadlsabre_l2_hsl_key">0</string>
    <string name="lib_lumadenoise5_key_3">0</string>
    <string name="lib_lumadenoise5_key_2">0</string>
    <string name="lib_hdroveralllightness_ldr_key">0</string>
    <string name="pref_c2a_key">-1</string>
    <string name="lib_lumadenoise5_key_4">0</string>
    <string name="model_tune_tele_key">0</string>
    <string name="lib_hdrrangeplus_key">03D0271E</string>
    <string name="pref_noise_model_infinity_key">-1</string>
    <string name="pref_quality_jpg_option_available_key">100</string>
    <string name="lib_coefsabrtun1_hsl_key">0</string>
    <string name="pref_camera_raw_output_option_available_key">0</string>
    <string name="lib_lumadmsabre_l3_hsl_key">0</string>
    <string name="pref_manual_aux_name_5_key">ID5</string>
    <string name="lib_grid_hsl_key">0</string>
    <string name="lib_zipper1_hsl_key">0</string>
    <string name="pref_Copmode_key">0</string>
    <string name="lib_luma_hsl_key">0</string>
    <string name="lib_spatialdenmi3_hsl_key">0</string>
    <string name="pref_audio_zoom_key">1</string>
    <string name="pref_zoom_in_command_string">-1</string>
    <string name="pref_camera_dynamic_depth_enabled_key">0</string>
    <string name="pref_has_shown_longp_education">0</string>
    <string name="pref_camera_grid_lines_mode">0</string>
    <string name="lib_contrastl1_key_3">0</string>
    <string name="lib_hardmerge_key_front">0</string>
    <string name="lib_clarity_hsl_key">0</string>
    <string name="lib_contrastl1_key_2">0</string>
    <string name="lib_contrastl1_key_4">0</string>
    <string name="lib_noisereducta1_hsl_key">0</string>
    <string name="pref_fixdenoisesabre_key_front">0</string>
    <string name="lib_exposition_ldr_key">0</string>
    <string name="lib_hdrrangeplus_key_front">0</string>
    <string name="lib_nexposure_hsl_key">0</string>
    <string name="lib_lumadlsabre_l2a_hsl_key">0</string>
    <string name="lib_hdroveralllightness_hsl_key">0</string>
    <string name="pref_bitrate_option_available_key">0</string>
    <string name="pref_camera_enable_iris">1</string>
    <string name="lib_contrastl2_key">5C8FC2F5285CDF3F</string>
    <string name="lib_cg8_hsl_key">0</string>
    <string name="lib_lumadenoise4_hsl_key">0</string>
    <string name="pref_tonecurve_preset_hsl_key">0</string>
    <string name="lib_contrastl2_hsl_key">0</string>
    <string name="pref_model_key_front">4</string>
    <string name="lib_sharpnew_key_2">0</string>
    <string name="lib_hdroveralllightness_key_front">0</string>
    <string name="pref_exposure_tele_key">-3</string>
    <string name="lib_exposition_key_2">0</string>
    <string name="lib_exposition_key_3">0</string>
    <string name="lib_sharpnew_key_4">0</string>
    <string name="lib_exposition_key_4">0</string>
    <string name="lib_sharpnew_key_3">0</string>
    <string name="lib_ybp_hsl_key">0</string>
    <string name="pref_video_fps_front_key">FPS_30</string>
    <string name="lib_cg2_hsl_key">0</string>
    <string name="lib_lumadhsabre_l5a_hsl_key">0</string>
    <string name="lib_smoothingnew_hsl_key">0</string>
    <string name="lib_spatialdenmi3_key">0</string>
    <string name="tune_coeff_wide_key">0.5</string>
    <string name="lib_lumadlsabre_l5a_hsl_key">0</string>
    <string name="lib_saturation_hsl_key">0</string>
    <string name="pref_zoom_max_option_available_key">0</string>
    <string name="lib_noisereducta0_key">0</string>
    <string name="lib_sharpenloww_l1_hsl_key">0</string>
    <string name="lib_user_curve_ldr_3">0.184</string>
    <string name="lib_user_curve_ldr_4">0.263</string>
    <string name="lib_user_curve_ldr_5">0.348</string>
    <string name="lib_user_curve_ldr_6">0.434</string>
    <string name="lib_user_curve_ldr_0">0.013</string>
    <string name="lib_user_gamma_hsl_8">0.24356</string>
    <string name="lib_user_curve_ldr_1">0.055</string>
    <string name="lib_user_gamma_hsl_9">0.28068</string>
    <string name="lib_user_curve_ldr_2">0.114</string>
    <string name="lib_sabre1_hsl_key">0</string>
    <string name="lib_user_gamma_hsl_6">0.17316</string>
    <string name="lib_user_gamma_hsl_7">0.20775</string>
    <string name="lib_sensorid_key">0</string>
    <string name="lib_luma_key">C8FEE7D2</string>
    <string name="lib_red_key_2">0</string>
    <string name="lib_user_gamma_hsl_4">0.107</string>
    <string name="lib_red_key_3">0</string>
    <string name="lib_dehazedexpo_key">88FCE7D2</string>
    <string name="lib_user_gamma_hsl_5">0.1397</string>
    <string name="lib_red_key_4">0</string>
    <string name="lib_user_gamma_hsl_2">0.04487</string>
    <string name="lib_user_curve_ldr_7">0.519</string>
    <string name="lib_user_gamma_hsl_3">0.0751</string>
    <string name="lib_user_curve_ldr_8">0.601</string>
    <string name="lib_user_gamma_hsl_0">0.00406</string>
    <string name="lib_user_curve_ldr_9">0.678</string>
    <string name="lib_user_gamma_hsl_1">0.01887</string>
    <string name="lib_lumadlsabre_l3b_hsl_key">0</string>
    <string name="pref_Copmode_motion_key">0</string>
    <string name="lib_sensorid_key_front">0</string>
    <string name="pref_gamma_curve_mode_key">-1</string>
    <string name="pref_antibanding_key">1</string>
    <string name="lib_hdreffectintensity_key">0</string>
    <string name="pref_dbl_infinity_key">0</string>
    <string name="lib_hdreffectintensity_ldr_key">0</string>
    <string name="pref_switch_camera_command_string">-1</string>
    <string name="pref_has_checked_photosphere_mode">0</string>
    <string name="pref_switch_to_next_mode_command_string">-1</string>
    <string name="lib_contrastl1_key">5839B4C876BEAF3F</string>
    <string name="pref_gammacurve_preset_ldr_key">13</string>
    <string name="lib_exposition_hsl_key">0</string>
    <string name="pref_social_app_com_instagram_android">0</string>
    <string name="lib_sharpnew_key_front">0</string>
    <string name="lib_iso_key">0</string>
    <string name="lib_sharpenmediumw_l1_hsl_key">0</string>
    <string name="lib_denoise_key">C8FEE7D2</string>
    <string name="lib_noisereducta1_key">0</string>
    <string name="lib_saturation_key_4">0</string>
    <string name="lib_contrastblack_hsl_key">0</string>
    <string name="lib_saturation_key_3">0</string>
    <string name="tune_coeff_tele_key">0.5</string>
    <string name="lib_exposure_hsl_key">0</string>
    <string name="pref_model_key_4">12</string>
    <string name="pref_model_key_3">12</string>
    <string name="pref_noisemodelunblock_key">1</string>
    <string name="pref_model_key_2">12</string>
    <string name="lib_noisemodel_hsl_key">0</string>
    <string name="lib_saturation_key_2">0</string>
    <string name="lib_spatialdenmi2_key">0</string>
    <string name="lib_bettercolwiener_hsl_key">0</string>
    <string name="pref_shutter_command_string">-1</string>
    <string name="lib_curve_pwhites_ldr_key">470</string>
    <string name="pref_has_checked_gouda_mode">1</string>
    <string name="lib_colprocessing_key">28D5891A</string>
    <string name="lib_orgb_hsl_key">0</string>
    <string name="lib_exposition_key">66660641</string>
    <string name="pref_manual_aux_name_1_key">1x</string>
    <string name="lib_lumadenoise_key">0</string>
    <string name="lib_lumadmsabre_l3b_hsl_key">0</string>
    <string name="lib_zipper2_hsl_key">0</string>
    <string name="lib_contrastl3_hsl_key">0</string>
    <string name="lib_sharpenverylow_l3_hsl_key">0</string>
    <string name="lib_vignette_hsl_key">0</string>
    <string name="pref_ext_mic_key">0</string>
    <string name="lib_sharpenmedium_l2_hsl_key">0</string>
    <string name="lib_chromalow_key_4">0</string>
    <string name="lib_chromalow_key_3">0</string>
    <string name="pref_model_key">12</string>
    <string name="lib_chromalow_key_2">0</string>
    <string name="lib_smoothing2_key_front">88FDF7D2</string>
    <string name="lib_reducednoise_hsl_key">0</string>
    <string name="lib_contrastblack_key">6666663F</string>
    <string name="lib_contrastl2_key_front">14AE47E17A14DE3F</string>
    <string name="lib_hdreffectintensity_key_front">0</string>
    <string name="lib_curve_key">1</string>
    <string name="lib_curve_pwhites_key">600</string>
    <string name="pref_camera_video_back_flashmode_thermally_disabled_key">0</string>
    <string name="tune_coeff_main_key">0.5</string>
    <string name="lib_noisereducta2_hsl_key">0</string>
    <string name="lib_spatialdenmi1_hsl_key">0</string>
    <string name="lib_lumadlsabre_l3a_hsl_key">0</string>
    <string name="lib_sharpenlow_l1_hsl_key">0</string>
    <string name="pref_manual_cameraid_back_5_key">0</string>
    <string name="pref_has_checked_social_share">1</string>
    <string name="pref_camera_resolution">full</string>
    <string name="pref_exp_ns_option_available_key">7</string>
    <string name="lib_contrastl2_ldr_key">0</string>
    <string name="pref_awb_key_front">2</string>
    <string name="lib_sharpenhigh_l3_hsl_key">0</string>
    <string name="lib_lumadenoise4_key_2">0</string>
    <string name="lib_lumadenoise4_key_4">0</string>
    <string name="lib_lumadenoise4_key_3">0</string>
    <string name="lib_vignettec_hsl_key">0</string>
    <string name="lib_hdrrangeplus_key_3">0</string>
    <string name="lib_hdrrangeplus_key_2">0</string>
    <string name="lib_isoexpotun_key_2">0</string>
    <string name="lib_isoexpotun_key_3">0</string>
    <string name="lib_isoexpotun_key_4">0</string>
    <string name="lib_cg3_hsl_key">0</string>
    <string name="pref_Copmode_front_normal_key">0</string>
    <string name="lib_clarity_key_front">0</string>
    <string name="pref_has_set_social_share_apps">1</string>
    <string name="pref_opmode_video_key">0</string>
    <string name="lib_user_addr_1"></string>
    <string name="lib_user_addr_3"></string>
    <string name="lib_user_addr_2"></string>
    <string name="pref_upgrade_version">22</string>
    <string name="pref_fixdenoisesabre_key">0</string>
    <string name="lib_hdrrangeplus_key_4">0</string>
    <string name="pref_video_fps_4k_key">FPS_30</string>
    <string name="lib_user_curve_ldr_10">0.751</string>
    <string name="lib_smoothness_hsl_key">0</string>
    <string name="lib_user_addr_4"></string>
    <string name="lib_user_curve_ldr_11">0.816</string>
    <string name="lib_user_curve_ldr_14">0.969</string>
    <string name="lib_user_curve_ldr_15">1.0</string>
    <string name="lib_spatialdenmi3_key_front">0</string>
    <string name="lib_user_curve_ldr_12">0.875</string>
    <string name="lib_user_curve_ldr_13">0.926</string>
    <string name="lib_contrastblack_key_4">0</string>
    <string name="lib_gro_hsl_key">0</string>
    <string name="pref_camera_recordlocation_key">0</string>
    <string name="lib_lumadlsabre_l4b_hsl_key">0</string>
    <string name="lib_contrastblack_key_2">0</string>
    <string name="lib_contrastblack_key_3">0</string>
    <string name="pref_has_checked_cuttlefish_mode">1</string>
    <string name="lib_sharpnew_hsl_key">0</string>
    <string name="lib_user_curve_hsl_8">0.601</string>
    <string name="lib_user_curve_hsl_9">0.678</string>
    <string name="lib_lumadhsabre_l3b_hsl_key">0</string>
    <string name="pref_camera_single_shot_sound_key">0</string>
    <string name="lib_expocor_hsl_key">0</string>
    <string name="lib_lumadlsabre_l1b_hsl_key">0</string>
    <string name="lib_luma_key_front">0</string>
    <string name="pref_device_tele_key">0</string>
    <string name="lib_luma_key_4">0</string>
    <string name="lib_luma_key_3">0</string>
    <string name="lib_hdrsoftness_key_front">0</string>
    <string name="lib_luma_key_2">0</string>
    <string name="lib_user_curve_hsl_2">0.114</string>
    <string name="lib_user_curve_hsl_3">0.184</string>
    <string name="lib_user_curve_hsl_0">0.013</string>
    <string name="lib_user_curve_hsl_1">0.055</string>
    <string name="lib_user_curve_hsl_6">0.434</string>
    <string name="lib_hdreffectintensity_hsl_key">0</string>
    <string name="lib_user_curve_hsl_7">0.519</string>
    <string name="lib_user_curve_hsl_4">0.263</string>
    <string name="lib_user_curve_hsl_5">0.348</string>
    <string name="pref_awb_key_3">2</string>
    <string name="pref_awb_key_4">2</string>
    <string name="lib_red_hsl_key">0</string>
    <string name="pref_awb_key_2">2</string>
    <string name="lib_saturation_key">A8FDE7D2</string>
    <string name="pref_manual_cameraid_back_4_key">4</string>
    <string name="lib_denoise_key_3">0</string>
    <string name="lib_denoise_key_2">0</string>
    <string name="lib_lumadhsabre_l1a_hsl_key">0</string>
    <string name="lib_denoise_key_4">0</string>
    <string name="pref_af_mode_back">0</string>
    <string name="pref_maxexpsec_key">0</string>
    <string name="lib_cg5_hsl_key">0</string>
    <string name="lib_lumadhsabre_l3_hsl_key">0</string>
    <string name="lib_cg4_key">0</string>
    <string name="lib_lumadenoise1_key_2">0</string>
    <string name="lib_lumadenoise1_key_3">0</string>
    <string name="lib_lumadenoise1_key_4">0</string>
    <string name="lib_hdroveralllightness_key">0</string>
    <string name="lib_lumadmsabre_l5a_hsl_key">0</string>
    <string name="pref_set_focus_key">1</string>
    <string name="lib_sharpenloww_l3_hsl_key">0</string>
    <string name="lib_iso_key_front">00004843</string>
    <string name="lib_shallowsharp_hsl_key">0</string>
    <string name="lib_temporal_radius_hsl_key">0</string>
    <string name="lib_sharpenmediumw_l3_hsl_key">0</string>
    <string name="black_level_tele_key">0</string>
    <string name="pref_release_dialog_last_shown_version"></string>
    <string name="lib_hdrsoftness_hsl_key">0</string>
    <string name="lib_temporalradius_key_2">0</string>
    <string name="lib_temporalradius_key_3">0</string>
    <string name="lib_temporalradius_key_4">0</string>
    <string name="lib_light_hsl_key">0</string>
    <string name="lib_sabrburmerge1_hsl_key">0</string>
    <string name="pref_volume_key_action">shutter</string>
    <string name="lib_lumadenoise1_hsl_key">0</string>
    <string name="lib_lumadmsabre_l5_hsl_key">0</string>
    <string name="pref_color_transform_key">5</string>
    <string name="pref_exposure_option_key">+3</string>
    <string name="lib_hdreffect_key">0</string>
    <string name="lib_hdreffect_key_3">0</string>
    <string name="lib_hdreffect_key_2">0</string>
    <string name="lib_hdreffect_key_4">0</string>
    <string name="pref_manual_cameraid_back_3_key">3</string>
    <string name="pref_camera_hdr_plus_key">on</string>
    <string name="pref_manual_aux_name_2_key">2x</string>
    <string name="pref_opmode_portrait_key">0</string>
    <string name="lib_sabresharp2_hsl_key">0</string>
    <string name="lib_curve_whites_key">5</string>
    <string name="pref_manual_cameraid_back_2_key">2</string>
    <string name="lib_exposition_key_front">0</string>
    <string name="lib_sharpenveryloww_l2_hsl_key">0</string>
    <string name="lib_cg3_key">0</string>
    <string name="lib_lumadmsabre_l2a_hsl_key">0</string>
    <string name="lib_lumanoise_key">C0F6034F</string>
    <string name="pref_camera_sounds_key">0</string>
    <string name="pref_max_focus_value_front_key">0.0</string>
    <string name="lib_lumadenoise2_key_2">0</string>
    <string name="lib_hdrrangeminus_key_front">0</string>
    <string name="lib_lumadenoise2_key_3">0</string>
    <string name="lib_lumadenoise2_key_4">0</string>
    <string name="lib_sharpenhighw_l2_hsl_key">0</string>
    <string name="lib_hardmerge_key">0</string>
    <string name="pref_video_fps_key">FPS_30</string>
    <string name="black_level_infinity_key">0</string>
    <string name="lib_saturation2_hsl_key">0</string>
    <string name="lib_expocomp_hsl_key">0</string>
    <string name="perf_has_run_second_education">0</string>
    <string name="pref_sunfix_key">0</string>
    <string name="pref_Copmode_night_key">0</string>
    <string name="lib_depth1_hsl_key">0</string>
    <string name="lib_colprocessing_key_front">0</string>
    <string name="lib_dehazedexpo_hsl_key">0</string>
    <string name="pref_has_checked_lens_mode">0</string>
    <string name="lib_colprocessing_key_4">0</string>
    <string name="lib_colprocessing_key_2">0</string>
    <string name="lib_colprocessing_key_3">0</string>
    <string name="pref_manual_aux_name_3_key">0.6x</string>
    <string name="lib_bigsharp_key_4">0</string>
    <string name="lib_bigsharp_key_3">0</string>
    <string name="pref_camera_dirty_lens_history_key0"></string>
    <string name="pref_camera_dirty_lens_history_key1"></string>
    <string name="pref_tone_curve_mode_ldr_key">-1</string>
    <string name="pref_tone_curve_mode_key">0</string>
    <string name="lib_spatialdenmi1_key_front">0</string>
    <string name="lib_sharpenhigh_l1_hsl_key">0</string>
    <string name="lib_bigsharp_key_2">0</string>
    <string name="pref_manual_cameraid_back_1_key">0</string>
    <string name="lib_saturation3_hsl_key">0</string>
    <string name="lib_lumadenoise2_key_front">0</string>
    <string name="pref_noise_model_wide_key">-1</string>
    <string name="lib_cg1_hsl_key">0</string>
    <string name="lib_contrastl1_key_front">5839B4C876BEAF3F</string>
    <string name="pref_manual_cameraid_front_1_key">1</string>
    <string name="pref_has_checked_cheetah_mode">0</string>
    <string name="model_tune_infinity_key">0</string>
    <string name="lib_smoothing2_key_3">0</string>
    <string name="lib_smoothing2_key_4">0</string>
    <string name="lib_smoothing2_key_2">0</string>
    <string name="lib_hdroveralllightness_key_3">0</string>
    <string name="lib_hdroveralllightness_key_4">0</string>
    <string name="pref_exposure_infinity_key">-3</string>
    <string name="pref_Copmode_portrait_key">0</string>
    <string name="lib_hdroveralllightness_key_2">0</string>
    <string name="pref_mode_vesper_level">2</string>
    <string name="lib_lumadlsabre_l1a_hsl_key">0</string>
    <string name="lib_curve_pdarks_ldr_key">280</string>
    <string name="lib_lumadenoise3_key_4">0</string>
    <string name="lib_lumadenoise3_key_2">0</string>
    <string name="lib_lumadenoise3_key_3">0</string>
    <string name="lib_hdrrangeplus_ldr_key">0</string>
    <string name="lib_sharpness_key">C8FEE7D2</string>
    <string name="lib_spatialdenmi2_key_front">0</string>
    <string name="lib_bigsharp_key_front">0</string>
    <string name="lib_hdreffect_key_front">0</string>
    <string name="lib_volumeprocessing1_hsl_key">0</string>
    <string name="lib_lumadlsabre_l2b_hsl_key">0</string>
    <string name="lib_sharpness_key_front">48FEE7D2</string>
    <string name="pref_enable_patcher_key">1</string>
    <string name="pref_camera_selfie_mirror_key">1</string>
    <string name="lib_hdrsoftness_key_4">0</string>
    <string name="lib_hdrsoftness_key_3">0</string>
    <string name="lib_hdrsoftness_key_2">0</string>
    <string name="pref_lib_iso_option_available_hsl_key">0</string>
    <string name="lib_light_key_4">0</string>
    <string name="lib_light_key_3">0</string>
    <string name="lib_clarity_key">08902E1E</string>
    <string name="lib_isoexpotun_key_front">0</string>
    <string name="lib_light_key_2">0</string>
    <boolean name="autotimer_tutorial_shown" value="true" />
    <string name="pref_gamma_curve_mode_ldr_key">-1</string>
    <string name="perf_has_shown_options_bar">1</string>
    <string name="pref_manual_cameraid_front_2_key">1</string>
    <string name="pref_exposure_ns_option_available_key">+3</string>
    <string name="pref_mode_vesperad_option">0</string>
    <string name="lib_light_key">0</string>
    <string name="lib_curve_darks_hsl_key">-18</string>
    <string name="lib_user_gamma_ldr_31">1.0</string>
    <string name="lib_user_gamma_ldr_30">0.97309</string>
    <string name="lib_lumadhsabre_l4a_hsl_key">0</string>
    <string name="lib_noisereductsabre_hsl_key">0</string>
    <string name="lib_user_gamma_ldr_7">0.20775</string>
    <string name="lib_green_key">0</string>
    <string name="lib_user_gamma_ldr_8">0.24356</string>
    <string name="lib_user_gamma_ldr_9">0.28068</string>
    <string name="lib_sabresharp3_hsl_key">0</string>
    <string name="lib_sabre2_hsl_key">0</string>
    <string name="lib_temporalbin_hsl_key">0</string>
    <string name="lib_sharpenloww_l2_hsl_key">0</string>
    <string name="lib_temporalradius_key">0C88A852</string>
    <string name="lib_green_hsl_key">0</string>
    <string name="lib_lumadenoise_key_front">0</string>
    <string name="perf_has_run_first_education">1</string>
    <string name="lib_iso_key_4">0</string>
    <string name="lib_sabresharp_hsl_key">0</string>
    <string name="lib_dehazedexpo_ldr_key">0</string>
    <string name="lib_noisereducta0_hsl_key">0</string>
    <string name="pref_bitrate_time_lapse_key">0</string>
    <string name="lib_hdrrangeminus_key">0390301E</string>
    <string name="lib_sharpenlow_l3_hsl_key">0</string>
    <string name="lib_iso_key_3">0</string>
    <string name="lib_iso_key_2">0</string>
    <string name="pref_tone_curve_mode_hsl_key">-1</string>
    <string name="lib_isoexpotun_hsl_key">0</string>
    <string name="lib_lumadenoise_hsl_key">0</string>
    <string name="lib_user_gamma_ldr_0">0.00406</string>
    <string name="lib_sharpenmediumw_l2_hsl_key">0</string>
    <string name="lib_user_gamma_ldr_1">0.01887</string>
    <string name="lib_user_gamma_ldr_2">0.04487</string>
    <string name="lib_user_gamma_ldr_3">0.0751</string>
    <string name="lib_user_gamma_ldr_4">0.107</string>
    <string name="lib_user_gamma_ldr_5">0.1397</string>
    <string name="lib_user_gamma_ldr_6">0.17316</string>
    <string name="pref_Copmode_normal_key">0</string>
    <string name="pref_has_checked_dual_ev_brightness">0</string>
    <string name="lib_lumadmsabre_l2_hsl_key">0</string>
    <string name="lib_sharpnew_key">01106F1E</string>
    <string name="pref_camera_picturesize_front_key">2304x1728</string>
    <string name="lib_curve_pwhites_hsl_key">470</string>
    <string name="pref_focus_value_key">175.0</string>
    <string name="lib_colprocessing_hsl_key">0</string>
    <string name="pref_imax_audio_enabled_key">0</string>
    <string name="pref_quality_ns_key">9</string>
    <string name="lib_volumeprocessing1_key_4">0</string>
    <string name="lib_volumeprocessing1_key_3">0</string>
    <string name="lib_lumanoise_key_front">0</string>
    <string name="lib_volumeprocessing1_key_2">0</string>
    <string name="lib_user_value_4"></string>
    <string name="pref_social_app_com_facebook_orca">1</string>
    <string name="lib_user_value_1"></string>
    <string name="lib_user_value_2"></string>
    <string name="lib_user_value_3"></string>
    <string name="lib_rownoise_key_front">0</string>
    <string name="lib_contrastl1_ldr_key">0</string>
    <string name="pref_noise_model_main_key">38</string>
    <string name="lib_contrastblack_key_front">9A99593F</string>
    <string name="tune_coeff_infinity_key">0.5</string>
    <string name="pref_has_checked_ornament_mode">0</string>
    <string name="pref_micro_mode">1</string>
    <string name="pref_gammacurve_preset_hsl_key">0</string>
    <string name="lib_lumadmsabre_l3a_hsl_key">0</string>
    <string name="lib_zipper3_hsl_key">0</string>
    <string name="lib_hdrrangeminus_ldr_key">0</string>
    <string name="pref_link_first_time_chip_click_ms">0</string>
    <string name="lib_user_gamma_ldr_29">0.946</string>
    <string name="lib_rownoise_hsl_key">0</string>
    <string name="lib_user_gamma_ldr_28">0.9188</string>
    <string name="lib_user_gamma_ldr_27">0.891</string>
    <string name="lib_user_gamma_ldr_26">0.8619</string>
    <string name="lib_user_gamma_ldr_25">0.832</string>
    <string name="lib_user_gamma_ldr_24">0.8015</string>
    <string name="lib_user_gamma_ldr_23">0.7705</string>
    <string name="lib_user_gamma_ldr_22">0.739</string>
    <string name="lib_user_gamma_ldr_21">0.707</string>
    <string name="lib_user_gamma_ldr_20">0.6745</string>
    <string name="lib_denoise_key_front">0</string>
    <string name="lib_lumadlsabre_l4_hsl_key">0</string>
    <string name="lib_lumadhsabre_l2a_hsl_key">0</string>
    <string name="lib_user_gamma_ldr_19">0.6415</string>
    <string name="lib_reducednoise_key_front">0</string>
    <string name="lib_user_gamma_ldr_18">0.60795</string>
    <string name="lib_user_gamma_ldr_17">0.574</string>
    <string name="lib_user_gamma_ldr_16">0.5397</string>
    <string name="lib_user_gamma_ldr_15">0.505</string>
    <string name="lib_user_gamma_ldr_14">0.4699</string>
    <string name="lib_ldr_key">E003679E</string>
    <string name="lib_user_gamma_ldr_13">0.434</string>
    <string name="lib_user_gamma_ldr_12">0.39649</string>
    <string name="lib_lumadenoise_key_3">0</string>
    <string name="lib_user_gamma_ldr_11">0.35798</string>
    <string name="lib_shallowsharp_key_2">0</string>
    <string name="lib_bettercolwiener_key_4">0</string>
    <string name="lib_lumadenoise_key_4">0</string>
    <string name="lib_user_gamma_ldr_10">0.31901</string>
    <string name="lib_bettercolwiener_key_3">0</string>
    <string name="lib_bettercolwiener_key_2">0</string>
    <string name="lib_lumadenoise_key_2">0</string>
    <string name="lib_shallowsharp_key_4">0</string>
    <string name="lib_shallowsharp_key_3">0</string>
    <string name="lib_contrastl1_hsl_key">0</string>
    <string name="lib_cg10_hsl_key">0</string>
    <string name="lib_spatialdenmi4_hsl_key">0</string>
    <string name="lib_denoise_hsl_key">0</string>
    <string name="lib_isoexpotun_key">0</string>
    <string name="pref_storage_saver_auto_disable">0</string>
    <string name="lib_lumadlsabre_l3_hsl_key">0</string>
    <string name="pref_video_fps_p2018_key">FPS_AUTO</string>
    <string name="pref_max_focus_value_back_tele_key">5.0</string>
    <string name="pref_camera_raw_output_key">0</string>
    <string name="pref_social_app_com_twitter_android">0</string>
    <string name="pref_tonecurve_preset_ldr_key">37</string>
    <string name="lib_lumadhsabre_l2b_hsl_key">0</string>
    <string name="lib_lumadmsabre_l1b_hsl_key">0</string>
    <string name="pref_tonecurve_preset_key">15</string>
    <string name="pref_stream_opmode_key">2</string>
    <string name="lib_filtersabra1_hsl_key">0</string>
    <string name="pref_video_fps_cm_key">FPS_30</string>
    <string name="lib_contrastl2_key_4">0</string>
    <string name="lib_contrastl2_key_3">0</string>
    <string name="lib_contrastl2_key_2">0</string>
    <string name="pref_exposure_wide_key">-3</string>
    <string name="lib_user_gamma_1">0.01887</string>
    <string name="lib_user_gamma_0">0.00406</string>
    <string name="lib_hdreffect_ldr_key">0</string>
    <string name="lib_sabrburmerge3_hsl_key">0</string>
    <string name="lib_sharpenverylow_l2_hsl_key">0</string>
    <string name="key_social_share_opt_in">1</string>
    <string name="pref_gammacurve_preset_key">8</string>
    <string name="pref_device_infinity_key">0</string>
    <string name="key_ff_opt_in">0</string>
    <string name="pref_has_checked_dual_ev_shadow">0</string>
    <string name="lib_bigsharp_hsl_key">0</string>
    <string name="lib_shallowsharp_key">0</string>
    <string name="lib_sharpenmedium_l1_hsl_key">0</string>
    <string name="pref_opmode_motion_key">0</string>
    <string name="pref_max_focus_value_back_wide_key">14.29</string>
    <string name="lib_clarity_ldr_key">0</string>
    <string name="lib_lumadmsabre_l4b_hsl_key">0</string>
    <string name="lib_lumadenoise3_hsl_key">0</string>
    <string name="lib_user_gamma_3">0.0751</string>
    <string name="lib_cg7_hsl_key">0</string>
    <string name="lib_user_gamma_2">0.04487</string>
    <string name="lib_user_gamma_5">0.1397</string>
    <string name="lib_user_gamma_4">0.107</string>
    <string name="lib_user_gamma_7">0.20775</string>
    <string name="lib_user_gamma_6">0.17316</string>
    <string name="lib_user_gamma_9">0.28068</string>
    <string name="lib_user_gamma_8">0.24356</string>
    <string name="lib_lumadhsabre_l5_hsl_key">0</string>
    <string name="lib_volumeprocessing1_ldr_key">0</string>
    <string name="libs_key">0</string>
    <string name="pref_camera_coach_key">1</string>
    <string name="lib_sabrburmerge2_hsl_key">0</string>
    <string name="pref_gamma_curve_mode_hsl_key">-1</string>
    <string name="lib_sabrenoiseart_hsl_key">0</string>
    <string name="lib_reducednoise_key">0</string>
    <string name="pref_exposure_front_option_available_key">+4</string>
    <string name="pref_camera_picturesize_back_key">4608x3456</string>
    <string name="pref_noise_model_front_key">-1</string>
    <string name="lib_lumadmsabre_l1_hsl_key">0</string>
    <string name="lib_user_gamma_20">0.6745</string>
    <string name="lib_user_gamma_21">0.707</string>
    <string name="lib_user_gamma_22">0.739</string>
    <string name="lib_user_gamma_23">0.7705</string>
    <string name="lib_noisereducta0_key_2">0</string>
    <string name="lib_cg6_hsl_key">0</string>
    <string name="lib_user_gamma_24">0.8015</string>
    <string name="lib_user_gamma_25">0.832</string>
    <string name="lib_user_gamma_26">0.8619</string>
    <string name="lib_user_gamma_27">0.891</string>
    <string name="lib_lumadenoise1_key_front">0</string>
    <string name="lib_sensorid_key_3">0</string>
    <string name="lib_user_gamma_28">0.9188</string>
    <string name="lib_sensorid_key_2">0</string>
    <string name="lib_user_gamma_29">0.946</string>
    <string name="lib_noisereducta0_key_4">0</string>
    <string name="lib_noisereducta0_key_3">0</string>
    <string name="pref_dbl_main_key">0</string>
    <string name="lib_curve_darks_ldr_key">-18</string>
    <string name="lib_sensorid_key_4">0</string>
    <string name="lib_hdrsoftness_key">0</string>
    <string name="lib_noisereducta2_key">0</string>
    <string name="lib_smoothingsabre_key">0</string>
    <string name="lib_curve_pdarks_hsl_key">280</string>
    <string name="lib_user_gamma_31">1.0</string>
    <string name="lib_lumanoise_hsl_key">0</string>
    <string name="pref_max_focus_value_back_4th_key">5.0</string>
    <string name="lib_hdrrangeplus_hsl_key">0</string>
    <string name="lib_rownoise_key">0</string>
    <string name="lib_lumanoise_key_3">0</string>
    <string name="lib_lumadmsabre_l1a_hsl_key">0</string>
    <string name="lib_cg9_hsl_key">0</string>
    <string name="lib_lumanoise_key_2">0</string>
    <string name="lib_lumadenoise3_key">0</string>
    <string name="lib_lumadenoise5_hsl_key">0</string>
    <string name="lib_lumanoise_key_4">0</string>
    <string name="pref_af_mode_front">0</string>
    <string name="lib_user_gamma_30">0.97309</string>
    <string name="lib_chromalow_key">08FFE7D2</string>
    <string name="lib_hdreffectintensity_key_3">0</string>
    <string name="lib_hdreffectintensity_key_4">0</string>
    <string name="lib_hdreffectintensity_key_2">0</string>
    <string name="lib_darkenlight_hsl_key">0</string>
    <string name="lib_cg4_key_2">0</string>
    <string name="lib_cg4_key_3">0</string>
    <string name="lib_cg4_key_4">0</string>
    <string name="pref_dbl_wide_key">0</string>
    <string name="lib_user_gamma_10">0.31901</string>
    <string name="lib_user_gamma_11">0.35798</string>
    <string name="lib_user_gamma_12">0.39649</string>
    <string name="lib_depth2_hsl_key">0</string>
    <string name="lib_user_gamma_13">0.434</string>
    <string name="lib_user_gamma_14">0.4699</string>
    <string name="lib_user_gamma_15">0.505</string>
    <string name="lib_user_gamma_16">0.5397</string>
    <string name="lib_user_gamma_17">0.574</string>
    <string name="lib_user_gamma_18">0.60795</string>
    <string name="lib_user_gamma_19">0.6415</string>
    <string name="lib_lumadenoise5_key_front">0</string>
    <string name="lib_hdrsoftness_ldr_key">0</string>
    <string name="lib_sharpness_key_3">0</string>
    <string name="lib_sharpness_key_2">0</string>
    <string name="lib_lumadenoise2_hsl_key">0</string>
    <string name="tune_coeff_front_key">0.5</string>
    <string name="lib_sharpness_key_4">0</string>
    <string name="pref_opmode_key">0</string>
    <string name="lib_bigsharp_key">0</string>
    <string name="pref_exp_option_available_key">17</string>
    <string name="lib_volumeprocessing2_hsl_key">0</string>
    <string name="tf_af_key">8</string>
    <string name="lib_sharpenveryloww_l3_hsl_key">0</string>
    <string name="pref_zoom_out_command_string">-1</string>
    <string name="lib_sabretexttun_hsl_key">0</string>
    <string name="pref_dbl_f_key">0</string>
    <string name="pref_has_checked_measure_mode">0</string>
    <string name="lib_lumadmsabre_l2b_hsl_key">0</string>
    <string name="pref_opmode_normal_key">0</string>
    <string name="black_level_wide_key">0</string>
    <string name="pref_color_transform_key_2">0</string>
    <string name="lib_hdreffect_hsl_key">0</string>
    <string name="lib_by_hsl_key">0</string>
    <string name="pref_color_transform_key_front">5</string>
    <string name="lib_lumadenoise4_key">0</string>
    <string name="pref_enable_camera_key">1</string>
    <string name="lib_spatialdenmi4_key">0</string>
    <string name="pref_color_transform_key_4">0</string>
    <string name="pref_color_transform_key_3">0</string>
    <string name="pref_bitrate_slow_motion_key">0</string>
    <string name="lib_spatialdenmi1_key_2">0</string>
    <string name="lib_spatialdenmi1_key_4">0</string>
    <string name="lib_sharpenhighw_l3_hsl_key">0</string>
    <string name="lib_spatialdenmi1_key_3">0</string>
    <string name="lib_temporalradius_key_front">0C86A852</string>
    <string name="lib_cg10_key_4">0</string>
    <string name="black_level_main_key">0</string>
    <string name="lib_cg10_key_2">0</string>
    <string name="lib_user_gamma_hsl_10">0.31901</string>
    <string name="lib_cg10_key_3">0</string>
    <string name="lib_noisereducta2_key_4">0</string>
    <string name="lib_noisereducta2_key_3">0</string>
    <string name="lib_noisereducta2_key_2">0</string>
    <string name="model_tune_front_key">0</string>
    <string name="prefix_key">3</string>
    <string name="lib_user_gamma_hsl_19">0.6415</string>
    <string name="lib_green_key_3">0</string>
    <string name="lib_green_key_2">0</string>
    <string name="lib_smoothing2_hsl_key">0</string>
    <string name="lib_green_key_4">0</string>
    <string name="lib_user_gamma_hsl_15">0.505</string>
    <string name="lib_user_gamma_hsl_16">0.5397</string>
    <string name="lib_user_gamma_hsl_17">0.574</string>
    <string name="lib_user_gamma_hsl_18">0.60795</string>
    <string name="lib_user_gamma_hsl_11">0.35798</string>
    <string name="lib_user_gamma_hsl_12">0.39649</string>
    <string name="pref_noise_model_tele_key">-1</string>
    <string name="lib_user_gamma_hsl_13">0.434</string>
    <string name="lib_user_gamma_hsl_14">0.4699</string>
    <string name="lib_spatialdenmi2_hsl_key">0</string>
    <string name="lib_cg3_key_4">0</string>
    <string name="lib_cg3_key_2">0</string>
    <string name="lib_cg3_key_3">0</string>
    <string name="lib_sharpenlow_l2_hsl_key">0</string>
    <string name="lib_hardmerge_key_4">0</string>
    <string name="lib_spatialdenmi3_key_3">0</string>
    <string name="lib_spatialdenmi3_key_4">0</string>
    <string name="lib_spatialdenmi3_key_2">0</string>
    <string name="lib_sharpenhigh_l2_hsl_key">0</string>
    <string name="lib_hardmerge_key_2">0</string>
    <string name="lib_hardmerge_key_3">0</string>
    <string name="lib_user_gamma_hsl_30">0.97309</string>
    <string name="lib_chromalow_hsl_key">0</string>
    <string name="lib_user_gamma_hsl_31">1.0</string>
    <string name="pref_mars_enabled">0</string>
    <string name="lib_lumadenoise1_key">0</string>
    <string name="black_level_f_key">0</string>
    <string name="lib_shallowsharp_key_front">0</string>
    <string name="pref_device_main_key">9</string>
    <long name="tooltip_latest_impression_timestamp_for_cuttlefish_steady_advice" value="1631384429430" />
    <string name="lib_chromalow_key_front">0</string>
    <string name="lib_sharpenmedium_l3_hsl_key">0</string>
    <string name="lib_noisereducta1_key_3">0</string>
    <string name="lib_noisereducta1_key_2">0</string>
    <string name="lib_temporalden_hsl_key">0</string>
    <string name="lib_user_gamma_hsl_20">0.6745</string>
    <string name="lib_hdrrangeminus_hsl_key">0</string>
    <string name="lib_noisereducta1_key_4">0</string>
    <string name="lib_user_gamma_hsl_21">0.707</string>
    <string name="lib_volumeprocessing1_key">0</string>
    <string name="lib_lumadlsabre_l1_hsl_key">0</string>
    <string name="lib_spatialdenmi4_key_2">0</string>
    <string name="pref_exposure_portrait_option_available_key">+4</string>
    <string name="lib_spatialdenmi4_key_3">0</string>
    <string name="lib_spatialdenmi4_key_4">0</string>
    <string name="lib_lumadhsabre_l4b_hsl_key">0</string>
    <string name="lib_hdrrangeminus_key_3">0</string>
    <string name="lib_user_gamma_hsl_26">0.8619</string>
    <string name="lib_sharpenhighw_l1_hsl_key">0</string>
    <string name="lib_hdrrangeminus_key_2">0</string>
    <string name="lib_user_gamma_hsl_27">0.891</string>
    <string name="lib_curve_whites_ldr_key">16</string>
    <string name="lib_user_gamma_hsl_28">0.9188</string>
    <string name="lib_cg10_key">0</string>
    <string name="lib_user_gamma_hsl_29">0.946</string>
    <string name="lib_noisereducta2_key_front">0</string>
    <string name="lib_user_gamma_hsl_22">0.739</string>
    <string name="lib_user_gamma_hsl_23">0.7705</string>
    <string name="lib_user_gamma_hsl_24">0.8015</string>
    <string name="lib_hdrrangeminus_key_4">0</string>
    <string name="lib_user_gamma_hsl_25">0.832</string>
    <int name="tooltip_impression_count_for_cuttlefish_steady_advice" value="1" />
    <string name="lib_lumadhsabre_l3a_hsl_key">0</string>
    <set name="pref_list_camera_key">
        <string>0</string>
        <string>22</string>
        <string>1</string>
        <string>20</string>
        <string>21</string>
    </set>
    <string name="pref_has_checked_tiara_mode">0</string>
    <string name="lib_lumadmsabre_l4_hsl_key">0</string>
    <string name="lib_saturation_key_front">88FEE7D2</string>
    <string name="lib_coefsabrtunoise_hsl_key">0</string>
    <string name="pref_social_app_com_facebook_katana">1</string>
    <string name="lib_curve_darks_key">-3</string>
    <string name="lib_noisereducta0_key_front">0</string>
    <string name="pref_social_app_com_whatsapp">1</string>
    <string name="lib_lumadhsabre_l1b_hsl_key">0</string>
    <string name="lib_user_curve_5">0.348</string>
    <string name="lib_hdrsabrev1_hsl_key">0</string>
    <string name="lib_user_curve_4">0.263</string>
    <string name="lib_user_curve_3">0.184</string>
    <string name="lib_user_curve_2">0.114</string>
    <string name="lib_user_curve_9">0.678</string>
    <string name="lib_user_curve_8">0.601</string>
    <string name="lib_user_curve_7">0.519</string>
    <string name="lib_user_curve_6">0.434</string>
    <string name="lib_lumadenoise2_key">0</string>
    <string name="lib_lighting_hsl_key">0</string>
    <string name="lib_lumadhsabre_l2_hsl_key">0</string>
    <string name="lib_noisereducta1_key_front">0</string>
    <string name="lib_user_curve_1">0.055</string>
    <string name="lib_cg4_hsl_key">0</string>
    <string name="lib_user_curve_0">0.013</string>
    <string name="lib_dehazedexpo_key_front">08FDE7D2</string>
    <string name="lib_blackdensity_hsl_key">0</string>
    <string name="pref_opt_video_stabilization_key">1</string>
    <string name="lib_gamma_key">1</string>
    <string name="lib_bettercolwiener_key">0</string>
    <string name="model_tune_main_key">8</string>
    <string name="lib_clarity_key_4">0</string>
    <string name="lib_clarity_key_3">0</string>
    <string name="lib_clarity_key_2">0</string>
    <string name="pref_video_resolution">RES_1080P</string>
    <string name="lib_light_key_front">0</string>
    <string name="pref_opmode_front_normal_key">0</string>
    <string name="lib_smoothing2_key">88FDF7D2</string>
    <string name="pref_camera_advice_settings">1</string>
    <string name="lib_lumadenoise3_key_front">0</string>
    <string name="pref_opmode_night_key">0</string>
    <string name="lib_lumadlsabre_l4a_hsl_key">0</string>
</map>
